ID Chemical,Actual Class,J48 Prediction,NB Prediction,IBk5 Prediction,SVM Prediction
20134,Inactive,Inactive,Inactive,Inactive,Inactive
20134,Inactive,Inactive,Inactive,Inactive,Inactive
20134,Inactive,Inactive,Inactive,Inactive,Inactive
20134,Inactive,Inactive,Inactive,Inactive,Inactive
20134,Inactive,Inactive,Inactive,Inactive,Inactive
20449,Inactive,Inactive,Inactive,Inactive,Inactive
20449,Inactive,Inactive,Inactive,Inactive,Inactive
20449,Inactive,Inactive,Inactive,Inactive,Inactive
20449,Inactive,Inactive,Inactive,Inactive,Inactive
20449,Inactive,Inactive,Inactive,Inactive,Inactive
20472,Inactive,Inactive,Inactive,Inactive,Inactive
20472,Inactive,Inactive,Inactive,Inactive,Inactive
20472,Inactive,Inactive,Inactive,Inactive,Inactive
20472,Inactive,Inactive,Inactive,Inactive,Inactive
20472,Inactive,Inactive,Inactive,Inactive,Inactive
20565,Inactive,Inactive,Inactive,Inactive,Inactive
20565,Inactive,Inactive,Inactive,Inactive,Inactive
20565,Inactive,Inactive,Inactive,Inactive,Inactive
20565,Inactive,Inactive,Inactive,Inactive,Inactive
20565,Inactive,Inactive,Inactive,Inactive,Inactive
21163,Inactive,Inactive,Inactive,Inactive,Inactive
21163,Inactive,Inactive,Inactive,Inactive,Inactive
21163,Inactive,Inactive,Inactive,Inactive,Inactive
21163,Inactive,Inactive,Inactive,Inactive,Inactive
21163,Inactive,Inactive,Inactive,Inactive,Inactive
21216,Inactive,Inactive,Inactive,Inactive,Inactive
21216,Inactive,Inactive,Inactive,Inactive,Inactive
21216,Inactive,Inactive,Inactive,Inactive,Inactive
21216,Inactive,Inactive,Inactive,Inactive,Inactive
21216,Inactive,Inactive,Inactive,Inactive,Inactive
21619,Inactive,Inactive,Inactive,Inactive,Inactive
21619,Inactive,Inactive,Inactive,Inactive,Inactive
21619,Inactive,Inactive,Inactive,Inactive,Inactive
21619,Inactive,Inactive,Inactive,Inactive,Inactive
21619,Inactive,Inactive,Inactive,Inactive,Inactive
21767,Inactive,Inactive,Inactive,Inactive,Inactive
21767,Inactive,Inactive,Inactive,Inactive,Inactive
21767,Inactive,Inactive,Inactive,Inactive,Inactive
21767,Inactive,Inactive,Inactive,Inactive,Inactive
21767,Inactive,Inactive,Inactive,Inactive,Inactive
21094,Inactive,Inactive,Inactive,Inactive,Inactive
21094,Inactive,Inactive,Inactive,Inactive,Inactive
21094,Inactive,Inactive,Inactive,Inactive,Inactive
21094,Inactive,Inactive,Inactive,Inactive,Inactive
21094,Inactive,Inactive,Inactive,Inactive,Inactive
21623,Inactive,Inactive,Inactive,Inactive,Inactive
21623,Inactive,Inactive,Inactive,Inactive,Inactive
21623,Inactive,Inactive,Inactive,Inactive,Inactive
21623,Inactive,Inactive,Inactive,Inactive,Inactive
21623,Inactive,Inactive,Inactive,Inactive,Inactive
20110,Inactive,Inactive,Inactive,Inactive,Inactive
20110,Inactive,Inactive,Inactive,Inactive,Inactive
20110,Inactive,Inactive,Inactive,Inactive,Inactive
20110,Inactive,Inactive,Inactive,Inactive,Inactive
20110,Inactive,Inactive,Inactive,Inactive,Inactive
20248,Inactive,Inactive,Inactive,Inactive,Inactive
20248,Inactive,Inactive,Inactive,Inactive,Inactive
20248,Inactive,Inactive,Inactive,Inactive,Inactive
20248,Inactive,Inactive,Inactive,Inactive,Inactive
20248,Inactive,Inactive,Inactive,Inactive,Inactive
20484,Inactive,Inactive,Inactive,Inactive,Inactive
20484,Inactive,Inactive,Inactive,Inactive,Inactive
20484,Inactive,Inactive,Inactive,Inactive,Inactive
20484,Inactive,Inactive,Inactive,Inactive,Inactive
20484,Inactive,Inactive,Inactive,Inactive,Inactive
20110,Inactive,Inactive,Inactive,Inactive,Inactive
20110,Inactive,Inactive,Inactive,Inactive,Inactive
20110,Inactive,Inactive,Inactive,Inactive,Inactive
20110,Inactive,Inactive,Inactive,Inactive,Inactive
20110,Inactive,Inactive,Inactive,Inactive,Inactive
20153,Inactive,Inactive,Inactive,Inactive,Inactive
20153,Inactive,Inactive,Inactive,Inactive,Inactive
20153,Inactive,Inactive,Inactive,Inactive,Inactive
20153,Inactive,Inactive,Inactive,Inactive,Inactive
20153,Inactive,Inactive,Inactive,Inactive,Inactive
20248,Inactive,Inactive,Inactive,Inactive,Inactive
20248,Inactive,Inactive,Inactive,Inactive,Inactive
20248,Inactive,Inactive,Inactive,Inactive,Inactive
20248,Inactive,Inactive,Inactive,Inactive,Inactive
20248,Inactive,Inactive,Inactive,Inactive,Inactive
20484,Inactive,Inactive,Inactive,Inactive,Inactive
20484,Inactive,Inactive,Inactive,Inactive,Inactive
20484,Inactive,Inactive,Inactive,Inactive,Inactive
20484,Inactive,Inactive,Inactive,Inactive,Inactive
20484,Inactive,Inactive,Inactive,Inactive,Inactive
21658,Inactive,Inactive,Inactive,Inactive,Inactive
21658,Inactive,Inactive,Inactive,Inactive,Inactive
21658,Inactive,Inactive,Inactive,Inactive,Inactive
21658,Inactive,Inactive,Inactive,Inactive,Inactive
21658,Active,Inactive,Inactive,Inactive,Inactive
21767,Active,Inactive,Inactive,Inactive,Inactive
21920,Inactive,Inactive,Inactive,Inactive,Inactive
21920,Inactive,Inactive,Inactive,Inactive,Inactive
21920,Inactive,Inactive,Inactive,Inactive,Inactive
21920,Inactive,Inactive,Inactive,Inactive,Inactive
21920,Inactive,Inactive,Inactive,Inactive,Inactive
20565,Inactive,Inactive,Inactive,Inactive,Inactive
20565,Inactive,Inactive,Inactive,Inactive,Inactive
20565,Inactive,Inactive,Inactive,Inactive,Inactive
20565,Inactive,Inactive,Inactive,Inactive,Inactive
20565,Inactive,Inactive,Inactive,Inactive,Inactive
510,Inactive,Inactive,Inactive,Inactive,Inactive
20844,Inactive,Inactive,Inactive,Inactive,Inactive
20113,Inactive,Inactive,Inactive,Inactive,Inactive
20054,Inactive,Inactive,Inactive,Inactive,Inactive
20338,Inactive,Inactive,Inactive,Inactive,Inactive
20847,Inactive,Inactive,Inactive,Inactive,Inactive
20347,Inactive,Inactive,Inactive,Inactive,Inactive
21472,Inactive,Inactive,Inactive,Inactive,Inactive
21637,Inactive,Inactive,Inactive,Inactive,Inactive
20561,Active,Inactive,Inactive,Inactive,Inactive
21299,Inactive,Inactive,Inactive,Inactive,Inactive
21134,Inactive,Inactive,Inactive,Inactive,Inactive
20214,Inactive,Inactive,Inactive,Inactive,Inactive
20366,Inactive,Inactive,Inactive,Inactive,Inactive
21592,Inactive,Inactive,Inactive,Inactive,Inactive
20567,Inactive,Inactive,Inactive,Inactive,Inactive
21467,Inactive,Inactive,Inactive,Inactive,Inactive
21335,Inactive,Inactive,Inactive,Inactive,Inactive
20370,Inactive,Inactive,Inactive,Inactive,Inactive
20715,Inactive,Inactive,Inactive,Inactive,Inactive
20371,Inactive,Inactive,Inactive,Inactive,Inactive
20755,Inactive,Inactive,Inactive,Inactive,Inactive
20372,Inactive,Inactive,Inactive,Inactive,Inactive
21436,Inactive,Inactive,Inactive,Inactive,Inactive
21225,Inactive,Inactive,Inactive,Inactive,Inactive
20876,Inactive,Inactive,Inactive,Inactive,Inactive
20035,Inactive,Inactive,Inactive,Inactive,Inactive
20883,Inactive,Inactive,Inactive,Inactive,Inactive
20377,Inactive,Inactive,Inactive,Inactive,Inactive
20051,Inactive,Inactive,Inactive,Inactive,Inactive
20378,Inactive,Inactive,Inactive,Inactive,Inactive
978,Inactive,Inactive,Inactive,Inactive,Inactive
20605,Inactive,Inactive,Inactive,Inactive,Inactive
21546,Inactive,Inactive,Inactive,Inactive,Inactive
20998,Inactive,Inactive,Inactive,Inactive,Inactive
20806,Inactive,Inactive,Inactive,Inactive,Inactive
20516,Inactive,Inactive,Inactive,Inactive,Inactive
21382,Inactive,Inactive,Inactive,Inactive,Inactive
21394,Inactive,Inactive,Inactive,Inactive,Inactive
20580,Inactive,Inactive,Inactive,Inactive,Inactive
21596,Inactive,Inactive,Inactive,Inactive,Inactive
21681,Inactive,Inactive,Inactive,Inactive,Inactive
21458,Inactive,Inactive,Inactive,Inactive,Inactive
20927,Inactive,Inactive,Inactive,Inactive,Inactive
20946,Inactive,Inactive,Inactive,Inactive,Inactive
21341,Inactive,Inactive,Inactive,Inactive,Inactive
21715,Inactive,Inactive,Inactive,Inactive,Inactive
21214,Inactive,Inactive,Inactive,Inactive,Inactive
20143,Inactive,Inactive,Inactive,Inactive,Inactive
21136,Inactive,Inactive,Inactive,Inactive,Inactive
21697,Inactive,Inactive,Inactive,Inactive,Inactive
20793,Inactive,Inactive,Inactive,Inactive,Inactive
20923,Inactive,Inactive,Inactive,Inactive,Inactive
20391,Inactive,Inactive,Inactive,Inactive,Inactive
21250,Inactive,Inactive,Inactive,Inactive,Inactive
20078,Inactive,Inactive,Inactive,Inactive,Inactive
21416,Inactive,Inactive,Inactive,Inactive,Inactive
21351,Inactive,Inactive,Inactive,Inactive,Inactive
21423,Inactive,Inactive,Inactive,Inactive,Inactive
20575,Inactive,Inactive,Inactive,Inactive,Inactive
20999,Inactive,Inactive,Inactive,Inactive,Inactive
21407,Inactive,Inactive,Inactive,Inactive,Inactive
20496,Inactive,Inactive,Inactive,Inactive,Inactive
21543,Inactive,Inactive,Inactive,Inactive,Inactive
20514,Inactive,Inactive,Inactive,Inactive,Inactive
21683,Inactive,Inactive,Inactive,Inactive,Inactive
21176,Inactive,Inactive,Inactive,Inactive,Inactive
20039,Inactive,Inactive,Inactive,Inactive,Inactive
21600,Inactive,Inactive,Inactive,Inactive,Inactive
20245,Inactive,Inactive,Inactive,Inactive,Inactive
20713,Inactive,Inactive,Inactive,Inactive,Inactive
21517,Inactive,Inactive,Inactive,Inactive,Inactive
20141,Inactive,Inactive,Inactive,Inactive,Inactive
20414,Inactive,Inactive,Inactive,Inactive,Inactive
20624,Inactive,Inactive,Inactive,Inactive,Inactive
20634,Inactive,Inactive,Inactive,Inactive,Inactive
20038,Inactive,Inactive,Inactive,Inactive,Inactive
21462,Inactive,Inactive,Inactive,Inactive,Inactive
21330,Inactive,Inactive,Inactive,Inactive,Inactive
21317,Inactive,Inactive,Inactive,Inactive,Inactive
21390,Inactive,Inactive,Inactive,Inactive,Inactive
21610,Inactive,Inactive,Inactive,Inactive,Inactive
20963,Inactive,Inactive,Inactive,Inactive,Inactive
20978,Inactive,Inactive,Inactive,Inactive,Inactive
20626,Inactive,Inactive,Inactive,Inactive,Inactive
21666,Inactive,Inactive,Inactive,Inactive,Inactive
20647,Inactive,Inactive,Inactive,Inactive,Inactive
20942,Inactive,Inactive,Inactive,Inactive,Inactive
20667,Inactive,Inactive,Inactive,Inactive,Inactive
21319,Inactive,Inactive,Inactive,Inactive,Inactive
20668,Inactive,Inactive,Inactive,Inactive,Inactive
20722,Inactive,Inactive,Inactive,Inactive,Inactive
20984,Inactive,Inactive,Inactive,Inactive,Inactive
20122,Inactive,Inactive,Inactive,Inactive,Inactive
20784,Inactive,Inactive,Inactive,Inactive,Inactive
20792,Inactive,Inactive,Inactive,Inactive,Inactive
21318,Inactive,Inactive,Inactive,Inactive,Inactive
21244,Inactive,Inactive,Inactive,Inactive,Inactive
21440,Inactive,Inactive,Inactive,Inactive,Inactive
21828,Inactive,Inactive,Inactive,Inactive,Inactive
21479,Inactive,Inactive,Inactive,Inactive,Inactive
20617,Inactive,Inactive,Inactive,Inactive,Inactive
20873,Inactive,Inactive,Inactive,Inactive,Inactive
20162,Inactive,Inactive,Inactive,Inactive,Inactive
21608,Inactive,Inactive,Inactive,Inactive,Inactive
20661,Inactive,Inactive,Inactive,Inactive,Inactive
21171,Inactive,Inactive,Inactive,Inactive,Inactive
21275,Inactive,Inactive,Inactive,Inactive,Inactive
20453,Inactive,Inactive,Inactive,Inactive,Inactive
21559,Inactive,Inactive,Inactive,Inactive,Inactive
20398,Inactive,Inactive,Inactive,Inactive,Inactive
20076,Inactive,Inactive,Inactive,Inactive,Inactive
20472,Inactive,Inactive,Inactive,Inactive,Inactive
21169,Inactive,Inactive,Inactive,Inactive,Inactive
21185,Inactive,Inactive,Inactive,Inactive,Inactive
21196,Inactive,Inactive,Inactive,Inactive,Inactive
20750,Inactive,Inactive,Inactive,Inactive,Inactive
21321,Inactive,Inactive,Inactive,Inactive,Inactive
20826,Inactive,Inactive,Inactive,Inactive,Inactive
21128,Inactive,Inactive,Inactive,Inactive,Inactive
20979,Inactive,Inactive,Inactive,Inactive,Inactive
20758,Inactive,Inactive,Inactive,Inactive,Inactive
20987,Inactive,Inactive,Inactive,Inactive,Inactive
21190,Inactive,Inactive,Inactive,Inactive,Inactive
21006,Inactive,Inactive,Inactive,Inactive,Inactive
21006,Inactive,Inactive,Inactive,Inactive,Inactive
21266,Inactive,Inactive,Inactive,Inactive,Inactive
21085,Inactive,Inactive,Inactive,Inactive,Inactive
17414,Inactive,Inactive,Inactive,Inactive,Inactive
20795,Inactive,Inactive,Inactive,Inactive,Inactive
20723,Inactive,Inactive,Inactive,Inactive,Inactive
21355,Inactive,Inactive,Inactive,Inactive,Inactive
21163,Inactive,Inactive,Inactive,Inactive,Inactive
20443,Inactive,Inactive,Inactive,Inactive,Inactive
21334,Inactive,Inactive,Inactive,Inactive,Inactive
21400,Inactive,Inactive,Inactive,Inactive,Inactive
20036,Inactive,Inactive,Inactive,Inactive,Inactive
20611,Inactive,Inactive,Inactive,Inactive,Inactive
20903,Inactive,Inactive,Inactive,Inactive,Inactive
21841,Inactive,Inactive,Inactive,Inactive,Inactive
21702,Inactive,Inactive,Inactive,Inactive,Inactive
21320,Inactive,Inactive,Inactive,Inactive,Inactive
20108,Inactive,Inactive,Inactive,Inactive,Inactive
21418,Inactive,Inactive,Inactive,Inactive,Inactive
20316,Inactive,Inactive,Inactive,Inactive,Inactive
21347,Inactive,Inactive,Inactive,Inactive,Inactive
20169,Inactive,Inactive,Inactive,Inactive,Inactive
21115,Inactive,Inactive,Inactive,Inactive,Inactive
20740,Inactive,Inactive,Inactive,Inactive,Inactive
21116,Inactive,Inactive,Inactive,Inactive,Inactive
20684,Inactive,Inactive,Inactive,Inactive,Inactive
21127,Inactive,Inactive,Inactive,Inactive,Inactive
21405,Inactive,Inactive,Inactive,Inactive,Inactive
21088,Inactive,Inactive,Inactive,Inactive,Inactive
21484,Inactive,Inactive,Inactive,Inactive,Inactive
21139,Inactive,Inactive,Inactive,Inactive,Inactive
21507,Inactive,Inactive,Inactive,Inactive,Inactive
20638,Inactive,Inactive,Inactive,Inactive,Inactive
21174,Inactive,Inactive,Inactive,Inactive,Inactive
21453,Inactive,Inactive,Inactive,Inactive,Inactive
21187,Inactive,Inactive,Inactive,Inactive,Inactive
20434,Inactive,Inactive,Inactive,Inactive,Inactive
20917,Inactive,Inactive,Inactive,Inactive,Inactive
20330,Inactive,Inactive,Inactive,Inactive,Inactive
20457,Inactive,Inactive,Inactive,Inactive,Inactive
21606,Inactive,Inactive,Inactive,Inactive,Inactive
21051,Inactive,Inactive,Inactive,Inactive,Inactive
20865,Inactive,Inactive,Inactive,Inactive,Inactive
21052,Inactive,Inactive,Inactive,Inactive,Inactive
20156,Inactive,Inactive,Inactive,Inactive,Inactive
20260,Inactive,Inactive,Inactive,Inactive,Inactive
20119,Inactive,Inactive,Inactive,Inactive,Inactive
20445,Inactive,Inactive,Inactive,Inactive,Inactive
21540,Inactive,Inactive,Inactive,Inactive,Inactive
20432,Inactive,Inactive,Inactive,Inactive,Inactive
21505,Inactive,Inactive,Inactive,Inactive,Inactive
21619,Inactive,Inactive,Inactive,Inactive,Inactive
21211,Inactive,Inactive,Inactive,Inactive,Inactive
21649,Inactive,Inactive,Inactive,Inactive,Inactive
21229,Inactive,Inactive,Inactive,Inactive,Inactive
21883,Inactive,Inactive,Inactive,Inactive,Inactive
21883,Inactive,Inactive,Inactive,Inactive,Inactive
21237,Inactive,Inactive,Inactive,Inactive,Inactive
21253,Inactive,Inactive,Inactive,Inactive,Inactive
21252,Inactive,Inactive,Inactive,Inactive,Inactive
21647,Inactive,Inactive,Inactive,Inactive,Inactive
21013,Inactive,Inactive,Inactive,Inactive,Inactive
21254,Inactive,Inactive,Inactive,Inactive,Inactive
17412,Inactive,Inactive,Inactive,Inactive,Inactive
21349,Inactive,Inactive,Inactive,Inactive,Inactive
21516,Inactive,Inactive,Inactive,Inactive,Inactive
21525,Inactive,Inactive,Inactive,Inactive,Inactive
21849,Inactive,Inactive,Inactive,Inactive,Inactive
21850,Inactive,Inactive,Inactive,Inactive,Inactive
21851,Inactive,Inactive,Inactive,Inactive,Inactive
20751,Inactive,Inactive,Inactive,Inactive,Inactive
21852,Inactive,Inactive,Inactive,Inactive,Inactive
20216,Inactive,Inactive,Inactive,Inactive,Inactive
20216,Inactive,Inactive,Inactive,Inactive,Inactive
20507,Inactive,Inactive,Inactive,Inactive,Inactive
21015,Inactive,Inactive,Inactive,Inactive,Inactive
20134,Inactive,Inactive,Inactive,Inactive,Inactive
21838,Inactive,Inactive,Inactive,Inactive,Inactive
20013,Inactive,Inactive,Inactive,Inactive,Inactive
21297,Inactive,Inactive,Inactive,Inactive,Inactive
20174,Inactive,Inactive,Inactive,Inactive,Inactive
21298,Inactive,Inactive,Inactive,Inactive,Inactive
20175,Inactive,Inactive,Inactive,Inactive,Inactive
20206,Inactive,Inactive,Inactive,Inactive,Inactive
21724,Inactive,Inactive,Inactive,Inactive,Inactive
20329,Inactive,Inactive,Inactive,Inactive,Inactive
21812,Inactive,Inactive,Inactive,Inactive,Inactive
20337,Inactive,Inactive,Inactive,Inactive,Inactive
21806,Inactive,Inactive,Inactive,Inactive,Inactive
21514,Inactive,Inactive,Inactive,Inactive,Inactive
20354,Inactive,Inactive,Inactive,Inactive,Inactive
21531,Inactive,Inactive,Inactive,Inactive,Inactive
20355,Inactive,Inactive,Inactive,Inactive,Inactive
21533,Inactive,Inactive,Inactive,Inactive,Inactive
516,Inactive,Inactive,Inactive,Inactive,Inactive
21325,Inactive,Inactive,Inactive,Inactive,Inactive
21555,Inactive,Inactive,Inactive,Inactive,Inactive
20101,Inactive,Inactive,Inactive,Inactive,Inactive
21144,Inactive,Inactive,Inactive,Inactive,Inactive
21170,Inactive,Inactive,Inactive,Inactive,Inactive
21767,Inactive,Inactive,Inactive,Inactive,Inactive
20023,Inactive,Inactive,Inactive,Inactive,Inactive
20106,Inactive,Inactive,Inactive,Inactive,Inactive
21577,Inactive,Inactive,Inactive,Inactive,Inactive
20007,Inactive,Inactive,Inactive,Inactive,Inactive
21221,Inactive,Inactive,Inactive,Inactive,Inactive
20041,Inactive,Inactive,Inactive,Inactive,Inactive
20563,Inactive,Inactive,Inactive,Inactive,Inactive
21757,Inactive,Inactive,Inactive,Inactive,Inactive
20359,Inactive,Inactive,Inactive,Inactive,Inactive
21538,Inactive,Inactive,Inactive,Inactive,Inactive
21406,Inactive,Inactive,Inactive,Inactive,Inactive
21539,Inactive,Inactive,Inactive,Inactive,Inactive
20361,Inactive,Inactive,Inactive,Inactive,Inactive
21778,Inactive,Inactive,Inactive,Inactive,Inactive
20362,Inactive,Inactive,Inactive,Inactive,Inactive
20490,Inactive,Inactive,Inactive,Inactive,Inactive
20363,Inactive,Inactive,Inactive,Inactive,Inactive
21548,Inactive,Inactive,Inactive,Inactive,Inactive
20364,Inactive,Inactive,Inactive,Inactive,Inactive
21550,Inactive,Inactive,Inactive,Inactive,Inactive
20365,Inactive,Inactive,Inactive,Inactive,Inactive
21780,Inactive,Inactive,Inactive,Inactive,Inactive
21784,Inactive,Inactive,Inactive,Inactive,Inactive
20108,Inactive,Inactive,Inactive,Inactive,Inactive
20766,Inactive,Inactive,Inactive,Inactive,Inactive
20021,Inactive,Inactive,Inactive,Inactive,Inactive
21799,Inactive,Inactive,Inactive,Inactive,Inactive
20008,Inactive,Inactive,Inactive,Inactive,Inactive
21688,Inactive,Inactive,Inactive,Inactive,Inactive
20312,Inactive,Inactive,Inactive,Inactive,Inactive
20004,Inactive,Inactive,Inactive,Inactive,Inactive
20601,Inactive,Inactive,Inactive,Inactive,Inactive
20902,Inactive,Inactive,Inactive,Inactive,Inactive
20696,Inactive,Inactive,Inactive,Inactive,Inactive
21284,Inactive,Inactive,Inactive,Inactive,Inactive
20933,Inactive,Inactive,Inactive,Inactive,Inactive
21291,Inactive,Inactive,Inactive,Inactive,Inactive
20955,Inactive,Inactive,Inactive,Inactive,Inactive
20006,Inactive,Inactive,Inactive,Inactive,Inactive
21274,Inactive,Inactive,Inactive,Inactive,Inactive
20268,Inactive,Inactive,Inactive,Inactive,Inactive
20484,Inactive,Inactive,Inactive,Inactive,Inactive
20811,Inactive,Inactive,Inactive,Inactive,Inactive
20002,Inactive,Inactive,Inactive,Inactive,Inactive
20812,Inactive,Inactive,Inactive,Inactive,Inactive
21720,Inactive,Inactive,Inactive,Inactive,Inactive
20271,Inactive,Inactive,Inactive,Inactive,Inactive
20068,Inactive,Inactive,Inactive,Inactive,Inactive
20272,Inactive,Inactive,Inactive,Inactive,Inactive
21745,Inactive,Inactive,Inactive,Inactive,Inactive
20279,Inactive,Inactive,Inactive,Inactive,Inactive
20159,Inactive,Inactive,Inactive,Inactive,Inactive
20893,Inactive,Inactive,Inactive,Inactive,Inactive
20172,Inactive,Inactive,Inactive,Inactive,Inactive
20269,Inactive,Inactive,Inactive,Inactive,Inactive
20333,Inactive,Inactive,Inactive,Inactive,Inactive
21045,Inactive,Inactive,Inactive,Inactive,Inactive
20410,Inactive,Inactive,Inactive,Inactive,Inactive
978,Inactive,Inactive,Inactive,Inactive,Inactive
21177,Inactive,Inactive,Inactive,Inactive,Inactive
21287,Inactive,Inactive,Inactive,Inactive,Inactive
20404,Inactive,Inactive,Inactive,Inactive,Inactive
20097,Inactive,Inactive,Inactive,Inactive,Inactive
21454,Inactive,Inactive,Inactive,Inactive,Inactive
20028,Inactive,Inactive,Inactive,Inactive,Inactive
21800,Inactive,Inactive,Inactive,Inactive,Inactive
21801,Inactive,Inactive,Inactive,Inactive,Inactive
20037,Inactive,Inactive,Inactive,Inactive,Inactive
20202,Inactive,Inactive,Inactive,Inactive,Inactive
20504,Inactive,Inactive,Inactive,Inactive,Inactive
21813,Inactive,Inactive,Inactive,Inactive,Inactive
20047,Inactive,Inactive,Inactive,Inactive,Inactive
20058,Inactive,Inactive,Inactive,Inactive,Inactive
21092,Inactive,Inactive,Inactive,Inactive,Inactive
20411,Inactive,Inactive,Inactive,Inactive,Inactive
20446,Inactive,Inactive,Inactive,Inactive,Inactive
20295,Inactive,Inactive,Inactive,Inactive,Inactive
20194,Inactive,Inactive,Inactive,Inactive,Inactive
20296,Inactive,Inactive,Inactive,Inactive,Inactive
20240,Inactive,Inactive,Inactive,Inactive,Inactive
21810,Inactive,Inactive,Inactive,Inactive,Inactive
20532,Inactive,Inactive,Inactive,Inactive,Inactive
21627,Inactive,Inactive,Inactive,Inactive,Inactive
21716,Inactive,Inactive,Inactive,Inactive,Inactive
21674,Inactive,Inactive,Inactive,Inactive,Inactive
20596,Inactive,Inactive,Inactive,Inactive,Inactive
20801,Inactive,Inactive,Inactive,Inactive,Inactive
20627,Inactive,Inactive,Inactive,Inactive,Inactive
21411,Inactive,Inactive,Inactive,Inactive,Inactive
20737,Inactive,Inactive,Inactive,Inactive,Inactive
20895,Inactive,Inactive,Inactive,Inactive,Inactive
20934,Inactive,Inactive,Inactive,Inactive,Inactive
20270,Inactive,Inactive,Inactive,Inactive,Inactive
21899,Inactive,Inactive,Inactive,Inactive,Inactive
20320,Inactive,Inactive,Inactive,Inactive,Inactive
20328,Inactive,Inactive,Inactive,Inactive,Inactive
20397,Inactive,Inactive,Inactive,Inactive,Inactive
20381,Inactive,Inactive,Inactive,Inactive,Inactive
21276,Inactive,Inactive,Inactive,Inactive,Inactive
21842,Inactive,Inactive,Inactive,Inactive,Inactive
20399,Inactive,Inactive,Inactive,Inactive,Inactive
20700,Inactive,Inactive,Inactive,Inactive,Inactive
20406,Inactive,Inactive,Inactive,Inactive,Inactive
21367,Inactive,Inactive,Inactive,Inactive,Inactive
20560,Inactive,Inactive,Inactive,Inactive,Inactive
21848,Inactive,Inactive,Inactive,Inactive,Inactive
21775,Inactive,Inactive,Inactive,Inactive,Inactive
20157,Inactive,Inactive,Inactive,Inactive,Inactive
20952,Inactive,Inactive,Inactive,Inactive,Inactive
20050,Inactive,Inactive,Inactive,Inactive,Inactive
21111,Inactive,Inactive,Inactive,Inactive,Inactive
20250,Inactive,Inactive,Inactive,Inactive,Inactive
21142,Inactive,Inactive,Inactive,Inactive,Inactive
20463,Inactive,Inactive,Inactive,Inactive,Inactive
20710,Inactive,Inactive,Inactive,Inactive,Inactive
20517,Inactive,Inactive,Inactive,Inactive,Inactive
20539,Inactive,Inactive,Inactive,Inactive,Inactive
20017,Inactive,Inactive,Inactive,Inactive,Inactive
20706,Inactive,Inactive,Inactive,Inactive,Inactive
21388,Inactive,Inactive,Inactive,Inactive,Inactive
21388,Inactive,Inactive,Inactive,Inactive,Inactive
20931,Inactive,Inactive,Inactive,Inactive,Inactive
21764,Inactive,Inactive,Inactive,Inactive,Inactive
21491,Inactive,Inactive,Inactive,Inactive,Inactive
20699,Inactive,Inactive,Inactive,Inactive,Inactive
21370,Inactive,Inactive,Inactive,Inactive,Inactive
20734,Inactive,Inactive,Inactive,Inactive,Inactive
20086,Inactive,Inactive,Inactive,Inactive,Inactive
20843,Inactive,Inactive,Inactive,Inactive,Inactive
20199,Inactive,Inactive,Inactive,Inactive,Inactive
20287,Inactive,Inactive,Inactive,Inactive,Inactive
20900,Inactive,Inactive,Inactive,Inactive,Inactive
20920,Inactive,Inactive,Inactive,Inactive,Inactive
21873,Inactive,Inactive,Inactive,Inactive,Inactive
20594,Inactive,Inactive,Inactive,Inactive,Inactive
20704,Inactive,Inactive,Inactive,Inactive,Inactive
21067,Inactive,Inactive,Inactive,Inactive,Inactive
20959,Inactive,Inactive,Inactive,Inactive,Inactive
21408,Inactive,Inactive,Inactive,Inactive,Inactive
21671,Inactive,Inactive,Inactive,Inactive,Inactive
21249,Inactive,Inactive,Inactive,Inactive,Inactive
21672,Inactive,Inactive,Inactive,Inactive,Inactive
21578,Inactive,Inactive,Inactive,Inactive,Inactive
20576,Inactive,Inactive,Inactive,Inactive,Inactive
21186,Inactive,Inactive,Inactive,Inactive,Inactive
20040,Inactive,Inactive,Inactive,Inactive,Inactive
20262,Inactive,Inactive,Inactive,Inactive,Inactive
20170,Inactive,Inactive,Inactive,Inactive,Inactive
21219,Inactive,Inactive,Inactive,Inactive,Inactive
20263,Inactive,Inactive,Inactive,Inactive,Inactive
20967,Inactive,Inactive,Inactive,Inactive,Inactive
20974,Inactive,Inactive,Inactive,Inactive,Inactive
20644,Inactive,Inactive,Inactive,Inactive,Inactive
20653,Inactive,Inactive,Inactive,Inactive,Inactive
20852,Inactive,Inactive,Inactive,Inactive,Inactive
17414,Inactive,Inactive,Inactive,Inactive,Inactive
21426,Inactive,Inactive,Inactive,Inactive,Inactive
21331,Inactive,Inactive,Inactive,Inactive,Inactive
21451,Inactive,Inactive,Inactive,Inactive,Inactive
21875,Inactive,Inactive,Inactive,Inactive,Inactive
20131,Inactive,Inactive,Inactive,Inactive,Inactive
21334,Inactive,Inactive,Inactive,Inactive,Inactive
20140,Inactive,Inactive,Inactive,Inactive,Inactive
21361,Inactive,Inactive,Inactive,Inactive,Inactive
20183,Inactive,Inactive,Inactive,Inactive,Inactive
20885,Inactive,Inactive,Inactive,Inactive,Inactive
20186,Inactive,Inactive,Inactive,Inactive,Inactive
21497,Inactive,Inactive,Inactive,Inactive,Inactive
20189,Inactive,Inactive,Inactive,Inactive,Inactive
21373,Inactive,Inactive,Inactive,Inactive,Inactive
20203,Inactive,Inactive,Inactive,Inactive,Inactive
20079,Inactive,Inactive,Inactive,Inactive,Inactive
20753,Inactive,Inactive,Inactive,Inactive,Inactive
21376,Inactive,Inactive,Inactive,Inactive,Inactive
20854,Inactive,Inactive,Inactive,Inactive,Inactive
20317,Inactive,Inactive,Inactive,Inactive,Inactive
20132,Inactive,Inactive,Inactive,Inactive,Inactive
20316,Inactive,Inactive,Inactive,Inactive,Inactive
20956,Inactive,Inactive,Inactive,Inactive,Inactive
20678,Inactive,Inactive,Inactive,Inactive,Inactive
20632,Inactive,Inactive,Inactive,Inactive,Inactive
20048,Inactive,Inactive,Inactive,Inactive,Inactive
20654,Inactive,Inactive,Inactive,Inactive,Inactive
21162,Inactive,Inactive,Inactive,Inactive,Inactive
21167,Inactive,Inactive,Inactive,Inactive,Inactive
20681,Inactive,Inactive,Inactive,Inactive,Inactive
20743,Inactive,Inactive,Inactive,Inactive,Inactive
20791,Inactive,Inactive,Inactive,Inactive,Inactive
20195,Inactive,Inactive,Inactive,Inactive,Inactive
21502,Inactive,Inactive,Inactive,Inactive,Inactive
20919,Inactive,Inactive,Inactive,Inactive,Inactive
21896,Inactive,Inactive,Inactive,Inactive,Inactive
20164,Inactive,Inactive,Inactive,Inactive,Inactive
20803,Inactive,Inactive,Inactive,Inactive,Inactive
21029,Inactive,Inactive,Inactive,Inactive,Inactive
21511,Inactive,Inactive,Inactive,Inactive,Inactive
21047,Inactive,Inactive,Inactive,Inactive,Inactive
21797,Inactive,Inactive,Inactive,Inactive,Inactive
21236,Inactive,Inactive,Inactive,Inactive,Inactive
21609,Inactive,Inactive,Inactive,Inactive,Inactive
20234,Inactive,Inactive,Inactive,Inactive,Inactive
21634,Inactive,Inactive,Inactive,Inactive,Inactive
21464,Inactive,Inactive,Inactive,Inactive,Inactive
20436,Inactive,Inactive,Inactive,Inactive,Inactive
21210,Inactive,Inactive,Inactive,Inactive,Inactive
20082,Inactive,Inactive,Inactive,Inactive,Inactive
21058,Inactive,Inactive,Inactive,Inactive,Inactive
21040,Inactive,Inactive,Inactive,Inactive,Inactive
21231,Inactive,Inactive,Inactive,Inactive,Inactive
21016,Inactive,Inactive,Inactive,Inactive,Inactive
21455,Inactive,Inactive,Inactive,Inactive,Inactive
21835,Inactive,Inactive,Inactive,Inactive,Inactive
21228,Inactive,Inactive,Inactive,Inactive,Inactive
21241,Inactive,Inactive,Inactive,Inactive,Inactive
21560,Inactive,Inactive,Inactive,Inactive,Inactive
20691,Inactive,Inactive,Inactive,Inactive,Inactive
21725,Inactive,Inactive,Inactive,Inactive,Inactive
21847,Inactive,Inactive,Inactive,Inactive,Inactive
20104,Inactive,Inactive,Inactive,Inactive,Inactive
20915,Inactive,Inactive,Inactive,Inactive,Inactive
21611,Inactive,Inactive,Inactive,Inactive,Inactive
21579,Inactive,Inactive,Inactive,Inactive,Inactive
17412,Inactive,Inactive,Inactive,Inactive,Inactive
20739,Inactive,Inactive,Inactive,Inactive,Inactive
21858,Inactive,Inactive,Inactive,Inactive,Inactive
21694,Inactive,Inactive,Inactive,Inactive,Inactive
21659,Inactive,Inactive,Inactive,Inactive,Inactive
21728,Inactive,Inactive,Inactive,Inactive,Inactive
21685,Inactive,Inactive,Inactive,Inactive,Inactive
20217,Inactive,Inactive,Inactive,Inactive,Inactive
20685,Inactive,Inactive,Inactive,Inactive,Inactive
20409,Inactive,Inactive,Inactive,Inactive,Inactive
20652,Inactive,Inactive,Inactive,Inactive,Inactive
20518,Inactive,Inactive,Inactive,Inactive,Inactive
20649,Inactive,Inactive,Inactive,Inactive,Inactive
21055,Inactive,Inactive,Inactive,Inactive,Inactive
20648,Inactive,Inactive,Inactive,Inactive,Inactive
20236,Inactive,Inactive,Inactive,Inactive,Inactive
20610,Inactive,Inactive,Inactive,Inactive,Inactive
20246,Inactive,Inactive,Inactive,Inactive,Inactive
20863,Inactive,Inactive,Inactive,Inactive,Inactive
20056,Inactive,Inactive,Inactive,Inactive,Inactive
21010,Inactive,Inactive,Inactive,Inactive,Inactive
21379,Inactive,Inactive,Inactive,Inactive,Inactive
21379,Inactive,Inactive,Inactive,Inactive,Inactive
21379,Inactive,Inactive,Inactive,Inactive,Inactive
21379,Inactive,Inactive,Inactive,Inactive,Inactive
21014,Inactive,Inactive,Inactive,Inactive,Inactive
21122,Inactive,Inactive,Inactive,Inactive,Inactive
21188,Inactive,Inactive,Inactive,Inactive,Inactive
21194,Inactive,Inactive,Inactive,Inactive,Inactive
21348,Inactive,Inactive,Inactive,Inactive,Inactive
21717,Inactive,Inactive,Inactive,Inactive,Inactive
21362,Inactive,Inactive,Inactive,Inactive,Inactive
21293,Inactive,Inactive,Inactive,Inactive,Inactive
21363,Inactive,Inactive,Inactive,Inactive,Inactive
21258,Inactive,Inactive,Inactive,Inactive,Inactive
20547,Inactive,Inactive,Inactive,Inactive,Inactive
21678,Inactive,Inactive,Inactive,Inactive,Inactive
516,Inactive,Inactive,Inactive,Inactive,Inactive
21624,Inactive,Inactive,Inactive,Inactive,Inactive
21781,Inactive,Inactive,Inactive,Inactive,Inactive
21208,Inactive,Inactive,Inactive,Inactive,Inactive
20528,Inactive,Inactive,Inactive,Inactive,Inactive
20248,Inactive,Inactive,Inactive,Inactive,Inactive
20527,Inactive,Inactive,Inactive,Inactive,Inactive
20253,Inactive,Inactive,Inactive,Inactive,Inactive
20429,Inactive,Inactive,Inactive,Inactive,Inactive
20257,Inactive,Inactive,Inactive,Inactive,Inactive
20345,Inactive,Inactive,Inactive,Inactive,Inactive
20258,Inactive,Inactive,Inactive,Inactive,Inactive
20342,Inactive,Inactive,Inactive,Inactive,Inactive
20261,Inactive,Inactive,Inactive,Inactive,Inactive
20325,Inactive,Inactive,Inactive,Inactive,Inactive
20265,Inactive,Inactive,Inactive,Inactive,Inactive
20548,Inactive,Inactive,Inactive,Inactive,Inactive
21372,Inactive,Inactive,Inactive,Inactive,Inactive
20827,Inactive,Inactive,Inactive,Inactive,Inactive
20724,Inactive,Inactive,Inactive,Inactive,Inactive
20828,Inactive,Inactive,Inactive,Inactive,Inactive
20178,Inactive,Inactive,Inactive,Inactive,Inactive
20829,Inactive,Inactive,Inactive,Inactive,Inactive
20277,Inactive,Inactive,Inactive,Inactive,Inactive
21117,Inactive,Inactive,Inactive,Inactive,Inactive
20031,Inactive,Inactive,Inactive,Inactive,Inactive
21322,Inactive,Inactive,Inactive,Inactive,Inactive
21587,Inactive,Inactive,Inactive,Inactive,Inactive
21714,Inactive,Inactive,Inactive,Inactive,Inactive
20130,Inactive,Inactive,Inactive,Inactive,Inactive
20166,Inactive,Inactive,Inactive,Inactive,Inactive
510,Inactive,Inactive,Inactive,Inactive,Inactive
20116,Inactive,Inactive,Inactive,Inactive,Inactive
20326,Inactive,Inactive,Inactive,Inactive,Inactive
20215,Inactive,Inactive,Inactive,Inactive,Inactive
20840,Inactive,Inactive,Inactive,Inactive,Inactive
20455,Inactive,Inactive,Inactive,Inactive,Inactive
20732,Inactive,Inactive,Inactive,Inactive,Inactive
20756,Inactive,Inactive,Inactive,Inactive,Inactive
21104,Inactive,Inactive,Inactive,Inactive,Inactive
20925,Inactive,Inactive,Inactive,Inactive,Inactive
21513,Inactive,Inactive,Inactive,Inactive,Inactive
21477,Inactive,Inactive,Inactive,Inactive,Inactive
20126,Inactive,Inactive,Inactive,Inactive,Inactive
21338,Inactive,Inactive,Inactive,Inactive,Inactive
21359,Inactive,Inactive,Inactive,Inactive,Inactive
20247,Inactive,Inactive,Inactive,Inactive,Inactive
20816,Inactive,Inactive,Inactive,Inactive,Inactive
21035,Inactive,Inactive,Inactive,Inactive,Inactive
20918,Inactive,Inactive,Inactive,Inactive,Inactive
21472,Inactive,Inactive,Inactive,Inactive,Inactive
20243,Inactive,Inactive,Inactive,Inactive,Inactive
20306,Inactive,Inactive,Inactive,Inactive,Inactive
21386,Inactive,Inactive,Inactive,Inactive,Inactive
20988,Inactive,Inactive,Inactive,Inactive,Inactive
21821,Inactive,Inactive,Inactive,Inactive,Inactive
21191,Inactive,Inactive,Inactive,Inactive,Inactive
20521,Inactive,Inactive,Inactive,Inactive,Inactive
978,Inactive,Inactive,Inactive,Inactive,Inactive
21114,Inactive,Inactive,Inactive,Inactive,Inactive
20346,Inactive,Inactive,Inactive,Inactive,Inactive
20603,Inactive,Inactive,Inactive,Inactive,Inactive
20348,Inactive,Inactive,Inactive,Inactive,Inactive
20971,Inactive,Inactive,Inactive,Inactive,Inactive
20394,Inactive,Inactive,Inactive,Inactive,Inactive
21626,Inactive,Inactive,Inactive,Inactive,Inactive
20462,Inactive,Inactive,Inactive,Inactive,Inactive
21365,Inactive,Inactive,Inactive,Inactive,Inactive
20553,Inactive,Inactive,Inactive,Inactive,Inactive
20110,Inactive,Inactive,Inactive,Inactive,Inactive
20622,Inactive,Inactive,Inactive,Inactive,Inactive
20872,Inactive,Inactive,Inactive,Inactive,Inactive
20646,Inactive,Inactive,Inactive,Inactive,Inactive
20966,Inactive,Inactive,Inactive,Inactive,Inactive
20196,Inactive,Inactive,Inactive,Inactive,Inactive
20125,Inactive,Inactive,Inactive,Inactive,Inactive
20506,Inactive,Inactive,Inactive,Inactive,Inactive
20991,Inactive,Inactive,Inactive,Inactive,Inactive
20336,Inactive,Inactive,Inactive,Inactive,Inactive
21489,Inactive,Inactive,Inactive,Inactive,Inactive
21486,Inactive,Inactive,Inactive,Inactive,Inactive
20241,Inactive,Inactive,Inactive,Inactive,Inactive
20412,Inactive,Inactive,Inactive,Inactive,Inactive
20433,Inactive,Inactive,Inactive,Inactive,Inactive
20597,Inactive,Inactive,Inactive,Inactive,Inactive
20597,Inactive,Inactive,Inactive,Inactive,Inactive
20655,Inactive,Inactive,Inactive,Inactive,Inactive
20583,Inactive,Inactive,Inactive,Inactive,Inactive
20690,Inactive,Inactive,Inactive,Inactive,Inactive
21661,Inactive,Inactive,Inactive,Inactive,Inactive
20615,Inactive,Inactive,Inactive,Inactive,Inactive
21752,Inactive,Inactive,Inactive,Inactive,Inactive
20489,Inactive,Inactive,Inactive,Inactive,Inactive
20239,Inactive,Inactive,Inactive,Inactive,Inactive
20519,Inactive,Inactive,Inactive,Inactive,Inactive
20912,Inactive,Inactive,Inactive,Inactive,Inactive
20851,Inactive,Inactive,Inactive,Inactive,Inactive
21278,Inactive,Inactive,Inactive,Inactive,Inactive
20857,Inactive,Inactive,Inactive,Inactive,Inactive
21711,Inactive,Inactive,Inactive,Inactive,Inactive
20884,Inactive,Inactive,Inactive,Inactive,Inactive
21412,Inactive,Inactive,Inactive,Inactive,Inactive
20552,Inactive,Inactive,Inactive,Inactive,Inactive
20430,Inactive,Inactive,Inactive,Inactive,Inactive
20935,Inactive,Inactive,Inactive,Inactive,Inactive
20600,Inactive,Inactive,Inactive,Inactive,Inactive
20981,Inactive,Inactive,Inactive,Inactive,Inactive
21441,Inactive,Inactive,Inactive,Inactive,Inactive
21495,Inactive,Inactive,Inactive,Inactive,Inactive
21529,Inactive,Inactive,Inactive,Inactive,Inactive
21654,Inactive,Inactive,Inactive,Inactive,Inactive
21620,Inactive,Inactive,Inactive,Inactive,Inactive
21005,Inactive,Inactive,Inactive,Inactive,Inactive
20785,Inactive,Inactive,Inactive,Inactive,Inactive
21075,Inactive,Inactive,Inactive,Inactive,Inactive
20057,Inactive,Inactive,Inactive,Inactive,Inactive
21204,Inactive,Inactive,Inactive,Inactive,Inactive
21336,Inactive,Inactive,Inactive,Inactive,Inactive
21336,Inactive,Inactive,Inactive,Inactive,Inactive
21682,Inactive,Inactive,Inactive,Inactive,Inactive
21357,Inactive,Inactive,Inactive,Inactive,Inactive
21357,Inactive,Inactive,Inactive,Inactive,Inactive
20810,Inactive,Inactive,Inactive,Inactive,Inactive
20540,Inactive,Inactive,Inactive,Inactive,Inactive
20144,Inactive,Inactive,Inactive,Inactive,Inactive
20754,Inactive,Inactive,Inactive,Inactive,Inactive
21599,Inactive,Inactive,Inactive,Inactive,Inactive
20319,Inactive,Inactive,Inactive,Inactive,Inactive
20977,Inactive,Inactive,Inactive,Inactive,Inactive
21575,Inactive,Inactive,Inactive,Inactive,Inactive
21045,Inactive,Inactive,Inactive,Inactive,Inactive
21615,Inactive,Inactive,Inactive,Inactive,Inactive
21066,Inactive,Inactive,Inactive,Inactive,Inactive
20867,Inactive,Inactive,Inactive,Inactive,Inactive
21017,Inactive,Inactive,Inactive,Inactive,Inactive
20779,Inactive,Inactive,Inactive,Inactive,Inactive
21106,Inactive,Inactive,Inactive,Inactive,Inactive
20418,Inactive,Inactive,Inactive,Inactive,Inactive
21168,Inactive,Inactive,Inactive,Inactive,Inactive
20458,Inactive,Inactive,Inactive,Inactive,Inactive
21230,Inactive,Inactive,Inactive,Inactive,Inactive
21292,Inactive,Inactive,Inactive,Inactive,Inactive
21247,Inactive,Inactive,Inactive,Inactive,Inactive
21747,Inactive,Inactive,Inactive,Inactive,Inactive
21094,Inactive,Inactive,Inactive,Inactive,Inactive
20714,Inactive,Inactive,Inactive,Inactive,Inactive
21309,Inactive,Inactive,Inactive,Inactive,Inactive
20725,Inactive,Inactive,Inactive,Inactive,Inactive
21131,Inactive,Inactive,Inactive,Inactive,Inactive
21885,Inactive,Inactive,Inactive,Inactive,Inactive
21504,Inactive,Inactive,Inactive,Inactive,Inactive
20431,Inactive,Inactive,Inactive,Inactive,Inactive
21827,Inactive,Inactive,Inactive,Inactive,Inactive
20672,Inactive,Inactive,Inactive,Inactive,Inactive
20777,Inactive,Inactive,Inactive,Inactive,Inactive
21339,Inactive,Inactive,Inactive,Inactive,Inactive
21179,Inactive,Inactive,Inactive,Inactive,Inactive
21754,Inactive,Inactive,Inactive,Inactive,Inactive
21203,Inactive,Inactive,Inactive,Inactive,Inactive
21868,Inactive,Inactive,Inactive,Inactive,Inactive
20957,Inactive,Inactive,Inactive,Inactive,Inactive
21750,Inactive,Inactive,Inactive,Inactive,Inactive
20712,Inactive,Inactive,Inactive,Inactive,Inactive
20742,Inactive,Inactive,Inactive,Inactive,Inactive
21783,Inactive,Inactive,Inactive,Inactive,Inactive
17414,Inactive,Inactive,Inactive,Inactive,Inactive
21100,Inactive,Inactive,Inactive,Inactive,Inactive
20775,Inactive,Inactive,Inactive,Inactive,Inactive
21342,Inactive,Inactive,Inactive,Inactive,Inactive
20808,Inactive,Inactive,Inactive,Inactive,Inactive
21371,Inactive,Inactive,Inactive,Inactive,Inactive
20982,Inactive,Inactive,Inactive,Inactive,Inactive
21401,Inactive,Inactive,Inactive,Inactive,Inactive
21340,Inactive,Inactive,Inactive,Inactive,Inactive
21141,Inactive,Inactive,Inactive,Inactive,Inactive
21264,Inactive,Inactive,Inactive,Inactive,Inactive
21381,Inactive,Inactive,Inactive,Inactive,Inactive
20619,Inactive,Inactive,Inactive,Inactive,Inactive
20619,Inactive,Inactive,Inactive,Inactive,Inactive
21501,Inactive,Inactive,Inactive,Inactive,Inactive
20936,Inactive,Inactive,Inactive,Inactive,Inactive
21576,Inactive,Inactive,Inactive,Inactive,Inactive
21580,Inactive,Inactive,Inactive,Inactive,Inactive
20820,Inactive,Inactive,Inactive,Inactive,Inactive
21463,Inactive,Inactive,Inactive,Inactive,Inactive
21093,Inactive,Inactive,Inactive,Inactive,Inactive
20188,Inactive,Inactive,Inactive,Inactive,Inactive
21263,Inactive,Inactive,Inactive,Inactive,Inactive
21009,Inactive,Inactive,Inactive,Inactive,Inactive
21280,Inactive,Inactive,Inactive,Inactive,Inactive
20088,Inactive,Inactive,Inactive,Inactive,Inactive
21438,Inactive,Inactive,Inactive,Inactive,Inactive
20242,Inactive,Inactive,Inactive,Inactive,Inactive
21256,Inactive,Inactive,Inactive,Inactive,Inactive
21760,Inactive,Inactive,Inactive,Inactive,Inactive
20226,Inactive,Inactive,Inactive,Inactive,Inactive
20251,Inactive,Inactive,Inactive,Inactive,Inactive
20300,Inactive,Inactive,Inactive,Inactive,Inactive
21718,Inactive,Inactive,Inactive,Inactive,Inactive
21731,Inactive,Inactive,Inactive,Inactive,Inactive
20799,Inactive,Inactive,Inactive,Inactive,Inactive
20063,Inactive,Inactive,Inactive,Inactive,Inactive
21206,Inactive,Inactive,Inactive,Inactive,Inactive
20663,Inactive,Inactive,Inactive,Inactive,Inactive
21527,Inactive,Inactive,Inactive,Inactive,Inactive
21286,Inactive,Inactive,Inactive,Inactive,Inactive
20010,Inactive,Inactive,Inactive,Inactive,Inactive
21471,Inactive,Inactive,Inactive,Inactive,Inactive
20024,Inactive,Inactive,Inactive,Inactive,Inactive
21553,Inactive,Inactive,Inactive,Inactive,Inactive
21553,Inactive,Inactive,Inactive,Inactive,Inactive
20187,Inactive,Inactive,Inactive,Inactive,Inactive
21573,Inactive,Inactive,Inactive,Inactive,Inactive
20208,Inactive,Inactive,Inactive,Inactive,Inactive
21625,Inactive,Inactive,Inactive,Inactive,Inactive
20497,Inactive,Inactive,Inactive,Inactive,Inactive
20415,Inactive,Inactive,Inactive,Inactive,Inactive
20697,Inactive,Inactive,Inactive,Inactive,Inactive
20402,Inactive,Inactive,Inactive,Inactive,Inactive
21197,Inactive,Inactive,Inactive,Inactive,Inactive
21712,Inactive,Inactive,Inactive,Inactive,Inactive
20192,Inactive,Inactive,Inactive,Inactive,Inactive
20109,Inactive,Inactive,Inactive,Inactive,Inactive
21082,Inactive,Inactive,Inactive,Inactive,Inactive
21623,Inactive,Inactive,Inactive,Inactive,Inactive
20904,Inactive,Inactive,Inactive,Inactive,Inactive
21879,Inactive,Inactive,Inactive,Inactive,Inactive
20778,Inactive,Inactive,Inactive,Inactive,Inactive
20211,Inactive,Inactive,Inactive,Inactive,Inactive
21652,Inactive,Inactive,Inactive,Inactive,Inactive
21000,Inactive,Inactive,Inactive,Inactive,Inactive
20905,Inactive,Inactive,Inactive,Inactive,Inactive
20523,Inactive,Inactive,Inactive,Inactive,Inactive
20550,Inactive,Inactive,Inactive,Inactive,Inactive
21218,Inactive,Inactive,Inactive,Inactive,Inactive
21080,Inactive,Inactive,Inactive,Inactive,Inactive
20133,Inactive,Inactive,Inactive,Inactive,Inactive
20906,Inactive,Inactive,Inactive,Inactive,Inactive
17412,Inactive,Inactive,Inactive,Inactive,Inactive
20972,Inactive,Inactive,Inactive,Inactive,Inactive
21002,Inactive,Inactive,Inactive,Inactive,Inactive
20922,Inactive,Inactive,Inactive,Inactive,Inactive
21562,Inactive,Inactive,Inactive,Inactive,Inactive
21049,Inactive,Inactive,Inactive,Inactive,Inactive
20924,Inactive,Inactive,Inactive,Inactive,Inactive
21060,Inactive,Inactive,Inactive,Inactive,Inactive
21184,Inactive,Inactive,Inactive,Inactive,Inactive
21283,Inactive,Inactive,Inactive,Inactive,Inactive
20781,Inactive,Inactive,Inactive,Inactive,Inactive
20964,Inactive,Inactive,Inactive,Inactive,Inactive
21404,Inactive,Inactive,Inactive,Inactive,Inactive
20267,Inactive,Inactive,Inactive,Inactive,Inactive
20273,Inactive,Inactive,Inactive,Inactive,Inactive
21651,Inactive,Inactive,Inactive,Inactive,Inactive
20582,Inactive,Inactive,Inactive,Inactive,Inactive
21655,Inactive,Inactive,Inactive,Inactive,Inactive
20289,Inactive,Inactive,Inactive,Inactive,Inactive
20102,Inactive,Inactive,Inactive,Inactive,Inactive
21569,Inactive,Inactive,Inactive,Inactive,Inactive
20284,Inactive,Inactive,Inactive,Inactive,Inactive
20070,Inactive,Inactive,Inactive,Inactive,Inactive
21281,Inactive,Inactive,Inactive,Inactive,Inactive
20630,Inactive,Inactive,Inactive,Inactive,Inactive
21814,Inactive,Inactive,Inactive,Inactive,Inactive
20350,Inactive,Inactive,Inactive,Inactive,Inactive
21490,Inactive,Inactive,Inactive,Inactive,Inactive
21220,Inactive,Inactive,Inactive,Inactive,Inactive
21001,Inactive,Inactive,Inactive,Inactive,Inactive
20708,Inactive,Inactive,Inactive,Inactive,Inactive
20960,Inactive,Inactive,Inactive,Inactive,Inactive
20512,Inactive,Inactive,Inactive,Inactive,Inactive
20728,Inactive,Inactive,Inactive,Inactive,Inactive
20033,Inactive,Inactive,Inactive,Inactive,Inactive
21356,Inactive,Inactive,Inactive,Inactive,Inactive
20602,Inactive,Inactive,Inactive,Inactive,Inactive
516,Inactive,Inactive,Inactive,Inactive,Inactive
21296,Inactive,Inactive,Inactive,Inactive,Inactive
20445,Inactive,Inactive,Inactive,Inactive,Inactive
20327,Inactive,Inactive,Inactive,Inactive,Inactive
21465,Inactive,Inactive,Inactive,Inactive,Inactive
21158,Inactive,Inactive,Inactive,Inactive,Inactive
21676,Inactive,Inactive,Inactive,Inactive,Inactive
20426,Inactive,Inactive,Inactive,Inactive,Inactive
20018,Inactive,Inactive,Inactive,Inactive,Inactive
20538,Inactive,Inactive,Inactive,Inactive,Inactive
20586,Inactive,Inactive,Inactive,Inactive,Inactive
21643,Inactive,Inactive,Inactive,Inactive,Inactive
20424,Inactive,Inactive,Inactive,Inactive,Inactive
20379,Inactive,Inactive,Inactive,Inactive,Inactive
21378,Inactive,Inactive,Inactive,Inactive,Inactive
21859,Inactive,Inactive,Inactive,Inactive,Inactive
20015,Inactive,Inactive,Inactive,Inactive,Inactive
21430,Inactive,Inactive,Inactive,Inactive,Inactive
21668,Inactive,Inactive,Inactive,Inactive,Inactive
21680,Inactive,Inactive,Inactive,Inactive,Inactive
20092,Inactive,Inactive,Inactive,Inactive,Inactive
21612,Inactive,Inactive,Inactive,Inactive,Inactive
20212,Inactive,Inactive,Inactive,Inactive,Inactive
21392,Inactive,Inactive,Inactive,Inactive,Inactive
20435,Inactive,Inactive,Inactive,Inactive,Inactive
20585,Inactive,Inactive,Inactive,Inactive,Inactive
510,Inactive,Inactive,Inactive,Inactive,Inactive
20163,Inactive,Inactive,Inactive,Inactive,Inactive
20256,Inactive,Inactive,Inactive,Inactive,Inactive
20180,Inactive,Inactive,Inactive,Inactive,Inactive
20562,Inactive,Inactive,Inactive,Inactive,Inactive
21227,Inactive,Inactive,Inactive,Inactive,Inactive
21226,Inactive,Inactive,Inactive,Inactive,Inactive
20488,Inactive,Inactive,Inactive,Inactive,Inactive
21391,Inactive,Inactive,Inactive,Inactive,Inactive
20694,Inactive,Inactive,Inactive,Inactive,Inactive
20719,Inactive,Inactive,Inactive,Inactive,Inactive
20951,Inactive,Inactive,Inactive,Inactive,Inactive
21306,Inactive,Inactive,Inactive,Inactive,Inactive
21086,Inactive,Inactive,Inactive,Inactive,Inactive
20875,Inactive,Inactive,Inactive,Inactive,Inactive
21434,Inactive,Inactive,Inactive,Inactive,Inactive
20542,Inactive,Inactive,Inactive,Inactive,Inactive
20005,Inactive,Inactive,Inactive,Inactive,Inactive
21062,Inactive,Inactive,Inactive,Inactive,Inactive
20105,Inactive,Inactive,Inactive,Inactive,Inactive
21110,Inactive,Inactive,Inactive,Inactive,Inactive
20495,Inactive,Inactive,Inactive,Inactive,Inactive
20746,Inactive,Inactive,Inactive,Inactive,Inactive
20565,Inactive,Inactive,Inactive,Inactive,Inactive
21152,Inactive,Inactive,Inactive,Inactive,Inactive
20574,Inactive,Inactive,Inactive,Inactive,Inactive
20112,Inactive,Inactive,Inactive,Inactive,Inactive
21269,Inactive,Inactive,Inactive,Inactive,Inactive
20727,Inactive,Inactive,Inactive,Inactive,Inactive
20760,Inactive,Inactive,Inactive,Inactive,Inactive
20835,Inactive,Inactive,Inactive,Inactive,Inactive
20928,Inactive,Inactive,Inactive,Inactive,Inactive
21375,Inactive,Inactive,Inactive,Inactive,Inactive
20975,Inactive,Inactive,Inactive,Inactive,Inactive
978,Inactive,Inactive,Inactive,Inactive,Inactive
21442,Inactive,Inactive,Inactive,Inactive,Inactive
20639,Inactive,Inactive,Inactive,Inactive,Inactive
21033,Inactive,Inactive,Inactive,Inactive,Inactive
21245,Inactive,Inactive,Inactive,Inactive,Inactive
21046,Inactive,Inactive,Inactive,Inactive,Inactive
21273,Inactive,Inactive,Inactive,Inactive,Inactive
21063,Inactive,Inactive,Inactive,Inactive,Inactive
21295,Inactive,Inactive,Inactive,Inactive,Inactive
21147,Inactive,Inactive,Inactive,Inactive,Inactive
21350,Inactive,Inactive,Inactive,Inactive,Inactive
21148,Inactive,Inactive,Inactive,Inactive,Inactive
21864,Inactive,Inactive,Inactive,Inactive,Inactive
20525,Inactive,Inactive,Inactive,Inactive,Inactive
21670,Inactive,Inactive,Inactive,Inactive,Inactive
20164,Inactive,Inactive,Inactive,Inactive,Inactive
21686,Inactive,Inactive,Inactive,Inactive,Inactive
20294,Inactive,Inactive,Inactive,Inactive,Inactive
21393,Inactive,Inactive,Inactive,Inactive,Inactive
20541,Inactive,Inactive,Inactive,Inactive,Inactive
21007,Inactive,Inactive,Inactive,Inactive,Inactive
21469,Inactive,Inactive,Inactive,Inactive,Inactive
21018,Inactive,Inactive,Inactive,Inactive,Inactive
21123,Inactive,Inactive,Inactive,Inactive,Inactive
21135,Inactive,Inactive,Inactive,Inactive,Inactive
21135,Inactive,Inactive,Inactive,Inactive,Inactive
21042,Inactive,Inactive,Inactive,Inactive,Inactive
21217,Inactive,Inactive,Inactive,Inactive,Inactive
21884,Inactive,Inactive,Inactive,Inactive,Inactive
20224,Inactive,Inactive,Inactive,Inactive,Inactive
21089,Inactive,Inactive,Inactive,Inactive,Inactive
21424,Inactive,Inactive,Inactive,Inactive,Inactive
21730,Inactive,Inactive,Inactive,Inactive,Inactive
21803,Inactive,Inactive,Inactive,Inactive,Inactive
21285,Inactive,Inactive,Inactive,Inactive,Inactive
21289,Inactive,Inactive,Inactive,Inactive,Inactive
20197,Inactive,Inactive,Inactive,Inactive,Inactive
20197,Inactive,Inactive,Inactive,Inactive,Inactive
20120,Inactive,Inactive,Inactive,Inactive,Inactive
21675,Inactive,Inactive,Inactive,Inactive,Inactive
20281,Inactive,Inactive,Inactive,Inactive,Inactive
21735,Inactive,Inactive,Inactive,Inactive,Inactive
20440,Inactive,Inactive,Inactive,Inactive,Inactive
20748,Inactive,Inactive,Inactive,Inactive,Inactive
21222,Inactive,Inactive,Inactive,Inactive,Inactive
20531,Inactive,Inactive,Inactive,Inactive,Inactive
21857,Inactive,Inactive,Inactive,Inactive,Inactive
20874,Inactive,Inactive,Inactive,Inactive,Inactive
21223,Inactive,Inactive,Inactive,Inactive,Inactive
21037,Inactive,Inactive,Inactive,Inactive,Inactive
21125,Inactive,Inactive,Inactive,Inactive,Inactive
21547,Inactive,Inactive,Inactive,Inactive,Inactive
20465,Inactive,Inactive,Inactive,Inactive,Inactive
21248,Inactive,Inactive,Inactive,Inactive,Inactive
20349,Inactive,Inactive,Inactive,Inactive,Inactive
20369,Inactive,Inactive,Inactive,Inactive,Inactive
21255,Inactive,Inactive,Inactive,Inactive,Inactive
21755,Inactive,Inactive,Inactive,Inactive,Inactive
20423,Inactive,Inactive,Inactive,Inactive,Inactive
20219,Inactive,Inactive,Inactive,Inactive,Inactive
20475,Inactive,Inactive,Inactive,Inactive,Inactive
20220,Inactive,Inactive,Inactive,Inactive,Inactive
21312,Inactive,Inactive,Inactive,Inactive,Inactive
21419,Inactive,Inactive,Inactive,Inactive,Inactive
20765,Inactive,Inactive,Inactive,Inactive,Inactive
21695,Inactive,Inactive,Inactive,Inactive,Inactive
20471,Inactive,Inactive,Inactive,Inactive,Inactive
20161,Inactive,Inactive,Inactive,Inactive,Inactive
20764,Inactive,Inactive,Inactive,Inactive,Inactive
20182,Inactive,Inactive,Inactive,Inactive,Inactive
20776,Inactive,Inactive,Inactive,Inactive,Inactive
21282,Inactive,Inactive,Inactive,Inactive,Inactive
20882,Inactive,Inactive,Inactive,Inactive,Inactive
21768,Inactive,Inactive,Inactive,Inactive,Inactive
20837,Inactive,Inactive,Inactive,Inactive,Inactive
20421,Inactive,Inactive,Inactive,Inactive,Inactive
20909,Inactive,Inactive,Inactive,Inactive,Inactive
20909,Inactive,Inactive,Inactive,Inactive,Inactive
20688,Inactive,Inactive,Inactive,Inactive,Inactive
20771,Inactive,Inactive,Inactive,Inactive,Inactive
21105,Inactive,Inactive,Inactive,Inactive,Inactive
20996,Inactive,Inactive,Inactive,Inactive,Inactive
21166,Inactive,Inactive,Inactive,Inactive,Inactive
20222,Inactive,Inactive,Inactive,Inactive,Inactive
21420,Inactive,Inactive,Inactive,Inactive,Inactive
20534,Inactive,Inactive,Inactive,Inactive,Inactive
21443,Inactive,Inactive,Inactive,Inactive,Inactive
20537,Inactive,Inactive,Inactive,Inactive,Inactive
20861,Inactive,Inactive,Inactive,Inactive,Inactive
20752,Inactive,Inactive,Inactive,Inactive,Inactive
21446,Inactive,Inactive,Inactive,Inactive,Inactive
20757,Inactive,Inactive,Inactive,Inactive,Inactive
21460,Inactive,Inactive,Inactive,Inactive,Inactive
20759,Inactive,Inactive,Inactive,Inactive,Inactive
21023,Inactive,Inactive,Inactive,Inactive,Inactive
20763,Inactive,Inactive,Inactive,Inactive,Inactive
21124,Inactive,Inactive,Inactive,Inactive,Inactive
20769,Inactive,Inactive,Inactive,Inactive,Inactive
20376,Inactive,Inactive,Inactive,Inactive,Inactive
21151,Inactive,Inactive,Inactive,Inactive,Inactive
17414,Inactive,Inactive,Inactive,Inactive,Inactive
21098,Inactive,Inactive,Inactive,Inactive,Inactive
21262,Inactive,Inactive,Inactive,Inactive,Inactive
21830,Inactive,Inactive,Inactive,Inactive,Inactive
21304,Inactive,Inactive,Inactive,Inactive,Inactive
21153,Inactive,Inactive,Inactive,Inactive,Inactive
21422,Inactive,Inactive,Inactive,Inactive,Inactive
21157,Inactive,Inactive,Inactive,Inactive,Inactive
21528,Inactive,Inactive,Inactive,Inactive,Inactive
21181,Inactive,Inactive,Inactive,Inactive,Inactive
20055,Inactive,Inactive,Inactive,Inactive,Inactive
21377,Inactive,Inactive,Inactive,Inactive,Inactive
21216,Inactive,Inactive,Inactive,Inactive,Inactive
21445,Inactive,Inactive,Inactive,Inactive,Inactive
21474,Inactive,Inactive,Inactive,Inactive,Inactive
20003,Inactive,Inactive,Inactive,Inactive,Inactive
21267,Inactive,Inactive,Inactive,Inactive,Inactive
20012,Inactive,Inactive,Inactive,Inactive,Inactive
21556,Inactive,Inactive,Inactive,Inactive,Inactive
20020,Inactive,Inactive,Inactive,Inactive,Inactive
20855,Inactive,Inactive,Inactive,Inactive,Inactive
21417,Inactive,Inactive,Inactive,Inactive,Inactive
21011,Inactive,Inactive,Inactive,Inactive,Inactive
21070,Inactive,Inactive,Inactive,Inactive,Inactive
21343,Inactive,Inactive,Inactive,Inactive,Inactive
21874,Inactive,Inactive,Inactive,Inactive,Inactive
21344,Inactive,Inactive,Inactive,Inactive,Inactive
21022,Inactive,Inactive,Inactive,Inactive,Inactive
21650,Inactive,Inactive,Inactive,Inactive,Inactive
21880,Inactive,Inactive,Inactive,Inactive,Inactive
21345,Inactive,Inactive,Inactive,Inactive,Inactive
21882,Inactive,Inactive,Inactive,Inactive,Inactive
21534,Inactive,Inactive,Inactive,Inactive,Inactive
20502,Inactive,Inactive,Inactive,Inactive,Inactive
20662,Inactive,Inactive,Inactive,Inactive,Inactive
21120,Inactive,Inactive,Inactive,Inactive,Inactive
20665,Inactive,Inactive,Inactive,Inactive,Inactive
21468,Inactive,Inactive,Inactive,Inactive,Inactive
21468,Inactive,Inactive,Inactive,Inactive,Inactive
21591,Inactive,Inactive,Inactive,Inactive,Inactive
20914,Inactive,Inactive,Inactive,Inactive,Inactive
21588,Inactive,Inactive,Inactive,Inactive,Inactive
21429,Inactive,Inactive,Inactive,Inactive,Inactive
20334,Inactive,Inactive,Inactive,Inactive,Inactive
20334,Inactive,Inactive,Inactive,Inactive,Inactive
20209,Inactive,Inactive,Inactive,Inactive,Inactive
21299,Inactive,Inactive,Inactive,Inactive,Inactive
21360,Inactive,Inactive,Inactive,Inactive,Inactive
20127,Inactive,Inactive,Inactive,Inactive,Inactive
21078,Inactive,Inactive,Inactive,Inactive,Inactive
20237,Inactive,Inactive,Inactive,Inactive,Inactive
21027,Inactive,Inactive,Inactive,Inactive,Inactive
20264,Inactive,Inactive,Inactive,Inactive,Inactive
20485,Inactive,Inactive,Inactive,Inactive,Inactive
21705,Inactive,Inactive,Inactive,Inactive,Inactive
21705,Inactive,Inactive,Inactive,Inactive,Inactive
20511,Inactive,Inactive,Inactive,Inactive,Inactive
20536,Inactive,Inactive,Inactive,Inactive,Inactive
21707,Inactive,Inactive,Inactive,Inactive,Inactive
21133,Inactive,Inactive,Inactive,Inactive,Inactive
21541,Inactive,Inactive,Inactive,Inactive,Inactive
20450,Inactive,Inactive,Inactive,Inactive,Inactive
21598,Inactive,Inactive,Inactive,Inactive,Inactive
21521,Inactive,Inactive,Inactive,Inactive,Inactive
21855,Inactive,Inactive,Inactive,Inactive,Inactive
20067,Inactive,Inactive,Inactive,Inactive,Inactive
21602,Inactive,Inactive,Inactive,Inactive,Inactive
20459,Inactive,Inactive,Inactive,Inactive,Inactive
21708,Inactive,Inactive,Inactive,Inactive,Inactive
17412,Inactive,Inactive,Inactive,Inactive,Inactive
20386,Inactive,Inactive,Inactive,Inactive,Inactive
20470,Inactive,Inactive,Inactive,Inactive,Inactive
21640,Inactive,Inactive,Inactive,Inactive,Inactive
20069,Inactive,Inactive,Inactive,Inactive,Inactive
20683,Inactive,Inactive,Inactive,Inactive,Inactive
20579,Inactive,Inactive,Inactive,Inactive,Inactive
20666,Inactive,Inactive,Inactive,Inactive,Inactive
20789,Inactive,Inactive,Inactive,Inactive,Inactive
21039,Inactive,Inactive,Inactive,Inactive,Inactive
20916,Inactive,Inactive,Inactive,Inactive,Inactive
21397,Inactive,Inactive,Inactive,Inactive,Inactive
20108,Inactive,Inactive,Inactive,Inactive,Inactive
21427,Inactive,Inactive,Inactive,Inactive,Inactive
21137,Inactive,Inactive,Inactive,Inactive,Inactive
20014,Inactive,Inactive,Inactive,Inactive,Inactive
20324,Inactive,Inactive,Inactive,Inactive,Inactive
20029,Inactive,Inactive,Inactive,Inactive,Inactive
20473,Inactive,Inactive,Inactive,Inactive,Inactive
20138,Inactive,Inactive,Inactive,Inactive,Inactive
21709,Inactive,Inactive,Inactive,Inactive,Inactive
20146,Inactive,Inactive,Inactive,Inactive,Inactive
21021,Inactive,Inactive,Inactive,Inactive,Inactive
20168,Inactive,Inactive,Inactive,Inactive,Inactive
20205,Inactive,Inactive,Inactive,Inactive,Inactive
21639,Inactive,Inactive,Inactive,Inactive,Inactive
20302,Inactive,Inactive,Inactive,Inactive,Inactive
20231,Inactive,Inactive,Inactive,Inactive,Inactive
20408,Inactive,Inactive,Inactive,Inactive,Inactive
20892,Inactive,Inactive,Inactive,Inactive,Inactive
20650,Inactive,Inactive,Inactive,Inactive,Inactive
20074,Inactive,Inactive,Inactive,Inactive,Inactive
20493,Inactive,Inactive,Inactive,Inactive,Inactive
20075,Inactive,Inactive,Inactive,Inactive,Inactive
20745,Inactive,Inactive,Inactive,Inactive,Inactive
20449,Inactive,Inactive,Inactive,Inactive,Inactive
20559,Inactive,Inactive,Inactive,Inactive,Inactive
20153,Inactive,Inactive,Inactive,Inactive,Inactive
516,Inactive,Inactive,Inactive,Inactive,Inactive
21107,Inactive,Inactive,Inactive,Inactive,Inactive
21314,Inactive,Inactive,Inactive,Inactive,Inactive
20593,Inactive,Inactive,Inactive,Inactive,Inactive
21026,Inactive,Inactive,Inactive,Inactive,Inactive
20633,Inactive,Inactive,Inactive,Inactive,Inactive
21193,Inactive,Inactive,Inactive,Inactive,Inactive
20564,Inactive,Inactive,Inactive,Inactive,Inactive
20717,Inactive,Inactive,Inactive,Inactive,Inactive
21554,Inactive,Inactive,Inactive,Inactive,Inactive
21008,Inactive,Inactive,Inactive,Inactive,Inactive
20151,Inactive,Inactive,Inactive,Inactive,Inactive
21069,Inactive,Inactive,Inactive,Inactive,Inactive
21633,Inactive,Inactive,Inactive,Inactive,Inactive
21182,Inactive,Inactive,Inactive,Inactive,Inactive
21182,Inactive,Inactive,Inactive,Inactive,Inactive
21561,Inactive,Inactive,Inactive,Inactive,Inactive
20595,Inactive,Inactive,Inactive,Inactive,Inactive
20670,Inactive,Inactive,Inactive,Inactive,Inactive
21618,Inactive,Inactive,Inactive,Inactive,Inactive
20701,Inactive,Inactive,Inactive,Inactive,Inactive
21737,Inactive,Inactive,Inactive,Inactive,Inactive
20864,Inactive,Inactive,Inactive,Inactive,Inactive
21740,Inactive,Inactive,Inactive,Inactive,Inactive
20961,Inactive,Inactive,Inactive,Inactive,Inactive
20994,Inactive,Inactive,Inactive,Inactive,Inactive
21164,Inactive,Inactive,Inactive,Inactive,Inactive
21050,Inactive,Inactive,Inactive,Inactive,Inactive
20198,Inactive,Inactive,Inactive,Inactive,Inactive
510,Inactive,Inactive,Inactive,Inactive,Inactive
21091,Inactive,Inactive,Inactive,Inactive,Inactive
20604,Inactive,Inactive,Inactive,Inactive,Inactive
21077,Inactive,Inactive,Inactive,Inactive,Inactive
20686,Inactive,Inactive,Inactive,Inactive,Inactive
21097,Inactive,Inactive,Inactive,Inactive,Inactive
20569,Inactive,Inactive,Inactive,Inactive,Inactive
20011,Inactive,Inactive,Inactive,Inactive,Inactive
20645,Inactive,Inactive,Inactive,Inactive,Inactive
21413,Inactive,Inactive,Inactive,Inactive,Inactive
20965,Inactive,Inactive,Inactive,Inactive,Inactive
20385,Inactive,Inactive,Inactive,Inactive,Inactive
21199,Inactive,Inactive,Inactive,Inactive,Inactive
21305,Inactive,Inactive,Inactive,Inactive,Inactive
21268,Inactive,Inactive,Inactive,Inactive,Inactive
21657,Inactive,Inactive,Inactive,Inactive,Inactive
21687,Inactive,Inactive,Inactive,Inactive,Inactive
21068,Inactive,Inactive,Inactive,Inactive,Inactive
21642,Inactive,Inactive,Inactive,Inactive,Inactive
20171,Inactive,Inactive,Inactive,Inactive,Inactive
20938,Inactive,Inactive,Inactive,Inactive,Inactive
21183,Inactive,Inactive,Inactive,Inactive,Inactive
21574,Inactive,Inactive,Inactive,Inactive,Inactive
21632,Inactive,Inactive,Inactive,Inactive,Inactive
20176,Inactive,Inactive,Inactive,Inactive,Inactive
20343,Inactive,Inactive,Inactive,Inactive,Inactive
20416,Inactive,Inactive,Inactive,Inactive,Inactive
978,Inactive,Inactive,Inactive,Inactive,Inactive
21202,Inactive,Inactive,Inactive,Inactive,Inactive
21090,Inactive,Inactive,Inactive,Inactive,Inactive
21475,Inactive,Inactive,Inactive,Inactive,Inactive
21012,Inactive,Inactive,Inactive,Inactive,Inactive
20027,Inactive,Inactive,Inactive,Inactive,Inactive
20375,Inactive,Inactive,Inactive,Inactive,Inactive
21594,Inactive,Inactive,Inactive,Inactive,Inactive
20100,Inactive,Inactive,Inactive,Inactive,Inactive
20761,Inactive,Inactive,Inactive,Inactive,Inactive
21563,Inactive,Inactive,Inactive,Inactive,Inactive
20770,Inactive,Inactive,Inactive,Inactive,Inactive
20890,Inactive,Inactive,Inactive,Inactive,Inactive
21616,Inactive,Inactive,Inactive,Inactive,Inactive
21433,Inactive,Inactive,Inactive,Inactive,Inactive
20612,Inactive,Inactive,Inactive,Inactive,Inactive
21234,Inactive,Inactive,Inactive,Inactive,Inactive
21031,Inactive,Inactive,Inactive,Inactive,Inactive
20498,Inactive,Inactive,Inactive,Inactive,Inactive
20513,Inactive,Inactive,Inactive,Inactive,Inactive
20848,Inactive,Inactive,Inactive,Inactive,Inactive
21289,Inactive,Inactive,Inactive,Inactive,Inactive
21719,Inactive,Inactive,Inactive,Inactive,Inactive
20997,Inactive,Inactive,Inactive,Inactive,Inactive
21044,Inactive,Inactive,Inactive,Inactive,Inactive
21041,Inactive,Inactive,Inactive,Inactive,Inactive
20030,Inactive,Inactive,Inactive,Inactive,Inactive
21323,Inactive,Inactive,Inactive,Inactive,Inactive
20227,Inactive,Inactive,Inactive,Inactive,Inactive
21629,Inactive,Inactive,Inactive,Inactive,Inactive
21792,Inactive,Inactive,Inactive,Inactive,Inactive
20276,Inactive,Inactive,Inactive,Inactive,Inactive
20797,Inactive,Inactive,Inactive,Inactive,Inactive
21558,Inactive,Inactive,Inactive,Inactive,Inactive
21293,Inactive,Inactive,Inactive,Inactive,Inactive
20332,Inactive,Inactive,Inactive,Inactive,Inactive
20901,Inactive,Inactive,Inactive,Inactive,Inactive
21265,Inactive,Inactive,Inactive,Inactive,Inactive
20693,Inactive,Inactive,Inactive,Inactive,Inactive
21415,Inactive,Inactive,Inactive,Inactive,Inactive
21667,Inactive,Inactive,Inactive,Inactive,Inactive
21414,Inactive,Inactive,Inactive,Inactive,Inactive
21337,Inactive,Inactive,Inactive,Inactive,Inactive
20503,Inactive,Inactive,Inactive,Inactive,Inactive
21020,Inactive,Inactive,Inactive,Inactive,Inactive
20107,Inactive,Inactive,Inactive,Inactive,Inactive
20565,Inactive,Inactive,Inactive,Inactive,Inactive
20556,Inactive,Inactive,Inactive,Inactive,Inactive
20679,Inactive,Inactive,Inactive,Inactive,Inactive
20834,Inactive,Inactive,Inactive,Inactive,Inactive
20844,Inactive,Inactive,Inactive,Inactive,Inactive
20860,Inactive,Inactive,Inactive,Inactive,Inactive
21157,Inactive,Inactive,Inactive,Inactive,Inactive
21007,Inactive,Inactive,Inactive,Inactive,Inactive
20096,Inactive,Inactive,Inactive,Inactive,Inactive
21669,Inactive,Inactive,Inactive,Inactive,Inactive
20292,Inactive,Inactive,Inactive,Inactive,Inactive
21025,Inactive,Inactive,Inactive,Inactive,Inactive
21270,Inactive,Inactive,Inactive,Inactive,Inactive
20405,Inactive,Inactive,Inactive,Inactive,Inactive
21665,Inactive,Inactive,Inactive,Inactive,Inactive
20558,Inactive,Inactive,Inactive,Inactive,Inactive
20413,Inactive,Inactive,Inactive,Inactive,Inactive
20588,Inactive,Inactive,Inactive,Inactive,Inactive
21364,Inactive,Inactive,Inactive,Inactive,Inactive
20692,Inactive,Inactive,Inactive,Inactive,Inactive
21604,Inactive,Inactive,Inactive,Inactive,Inactive
21664,Inactive,Inactive,Inactive,Inactive,Inactive
20629,Inactive,Inactive,Inactive,Inactive,Inactive
20031,Inactive,Inactive,Inactive,Inactive,Inactive
20022,Inactive,Inactive,Inactive,Inactive,Inactive
21036,Inactive,Inactive,Inactive,Inactive,Inactive
21776,Inactive,Inactive,Inactive,Inactive,Inactive
21506,Inactive,Inactive,Inactive,Inactive,Inactive
20387,Inactive,Inactive,Inactive,Inactive,Inactive
21138,Inactive,Inactive,Inactive,Inactive,Inactive
21448,Inactive,Inactive,Inactive,Inactive,Inactive
20675,Inactive,Inactive,Inactive,Inactive,Inactive
20815,Inactive,Inactive,Inactive,Inactive,Inactive
21132,Inactive,Inactive,Inactive,Inactive,Inactive
17414,Inactive,Inactive,Inactive,Inactive,Inactive
20687,Inactive,Inactive,Inactive,Inactive,Inactive
21316,Inactive,Inactive,Inactive,Inactive,Inactive
21038,Inactive,Inactive,Inactive,Inactive,Inactive
20046,Inactive,Inactive,Inactive,Inactive,Inactive
20089,Inactive,Inactive,Inactive,Inactive,Inactive
20591,Inactive,Inactive,Inactive,Inactive,Inactive
20448,Inactive,Inactive,Inactive,Inactive,Inactive
20566,Inactive,Inactive,Inactive,Inactive,Inactive
21076,Inactive,Inactive,Inactive,Inactive,Inactive
20164,Inactive,Inactive,Inactive,Inactive,Inactive
21059,Inactive,Inactive,Inactive,Inactive,Inactive
20621,Inactive,Inactive,Inactive,Inactive,Inactive
21366,Inactive,Inactive,Inactive,Inactive,Inactive
20689,Inactive,Inactive,Inactive,Inactive,Inactive
20464,Inactive,Inactive,Inactive,Inactive,Inactive
20383,Inactive,Inactive,Inactive,Inactive,Inactive
20546,Inactive,Inactive,Inactive,Inactive,Inactive
21476,Inactive,Inactive,Inactive,Inactive,Inactive
21189,Inactive,Inactive,Inactive,Inactive,Inactive
20614,Inactive,Inactive,Inactive,Inactive,Inactive
20331,Inactive,Inactive,Inactive,Inactive,Inactive
21492,Inactive,Inactive,Inactive,Inactive,Inactive
20941,Inactive,Inactive,Inactive,Inactive,Inactive
21207,Inactive,Inactive,Inactive,Inactive,Inactive
20716,Inactive,Inactive,Inactive,Inactive,Inactive
21352,Inactive,Inactive,Inactive,Inactive,Inactive
21410,Inactive,Inactive,Inactive,Inactive,Inactive
21549,Inactive,Inactive,Inactive,Inactive,Inactive
20396,Inactive,Inactive,Inactive,Inactive,Inactive
20589,Inactive,Inactive,Inactive,Inactive,Inactive
20983,Inactive,Inactive,Inactive,Inactive,Inactive
20392,Inactive,Inactive,Inactive,Inactive,Inactive
20741,Inactive,Inactive,Inactive,Inactive,Inactive
20283,Inactive,Inactive,Inactive,Inactive,Inactive
17412,Inactive,Inactive,Inactive,Inactive,Inactive
21232,Inactive,Inactive,Inactive,Inactive,Inactive
20551,Inactive,Inactive,Inactive,Inactive,Inactive
20407,Inactive,Inactive,Inactive,Inactive,Inactive
21379,Inactive,Inactive,Inactive,Inactive,Inactive
20568,Inactive,Inactive,Inactive,Inactive,Inactive
21043,Inactive,Inactive,Inactive,Inactive,Inactive
20677,Inactive,Inactive,Inactive,Inactive,Inactive
21582,Inactive,Inactive,Inactive,Inactive,Inactive
20676,Inactive,Inactive,Inactive,Inactive,Inactive
20703,Inactive,Inactive,Inactive,Inactive,Inactive
20842,Inactive,Inactive,Inactive,Inactive,Inactive
21396,Inactive,Inactive,Inactive,Inactive,Inactive
21071,Inactive,Inactive,Inactive,Inactive,Inactive
20609,Inactive,Inactive,Inactive,Inactive,Inactive
20223,Inactive,Inactive,Inactive,Inactive,Inactive
20577,Inactive,Inactive,Inactive,Inactive,Inactive
20221,Inactive,Inactive,Inactive,Inactive,Inactive
21829,Inactive,Inactive,Inactive,Inactive,Inactive
20578,Inactive,Inactive,Inactive,Inactive,Inactive
516,Inactive,Inactive,Inactive,Inactive,Inactive
21209,Inactive,Inactive,Inactive,Inactive,Inactive
20486,Inactive,Inactive,Inactive,Inactive,Inactive
20124,Inactive,Inactive,Inactive,Inactive,Inactive
20856,Inactive,Inactive,Inactive,Inactive,Inactive
21605,Inactive,Inactive,Inactive,Inactive,Inactive
21344,Inactive,Inactive,Inactive,Inactive,Inactive
20238,Inactive,Inactive,Inactive,Inactive,Inactive
21346,Inactive,Inactive,Inactive,Inactive,Inactive
20071,Inactive,Inactive,Inactive,Inactive,Inactive
20093,Inactive,Inactive,Inactive,Inactive,Inactive
21472,Inactive,Inactive,Inactive,Inactive,Inactive
20454,Inactive,Inactive,Inactive,Inactive,Inactive
20636,Inactive,Inactive,Inactive,Inactive,Inactive
20460,Inactive,Inactive,Inactive,Inactive,Inactive
20522,Inactive,Inactive,Inactive,Inactive,Inactive
20066,Inactive,Inactive,Inactive,Inactive,Inactive
21384,Inactive,Inactive,Inactive,Inactive,Inactive
20420,Inactive,Inactive,Inactive,Inactive,Inactive
